{
  "project_info": {
    "project_number": "127671523852",
    "firebase_url": "https://easybazi.firebaseio.com",
    "project_id": "easybazi",
    "storage_bucket": "easybazi.appspot.com"
  },
  "client": [
    {
      "client_info": {
        "mobilesdk_app_id": "1:127671523852:android:4c9667f8b7d05e14b82c29",
        "android_client_info": {
          "package_name": "ir.easybazi"
        }
      },
      "oauth_client": [
        {
          "client_id": "127671523852-vb4u74phobninfmfodprro4toicn0nsp.apps.googleusercontent.com",
          "client_type": 3
        }
      ],
      "api_key": [
        {
          "current_key": "AIzaSyDYjefCyFd7CdJP618LIAjQcMdxXsqmt-8"
        }
      ],
      "services": {
        "appinvite_service": {
          "other_platform_oauth_client": [
            {
              "client_id": "127671523852-vb4u74phobninfmfodprro4toicn0nsp.apps.googleusercontent.com",
              "client_type": 3
            }
          ]
        }
      }
    }
  ],
  "configuration_version": "1"
}