{
  "project_info": {
    "project_number": "517794650112",
    "firebase_url": "https://ezibazi-16865.firebaseio.com",
    "project_id": "ezibazi-16865",
    "storage_bucket": "ezibazi-16865.appspot.com"
  },
  "client": [
    {
      "client_info": {
        "mobilesdk_app_id": "1:517794650112:android:73232a742a804b56",
        "android_client_info": {
          "package_name": "sabalan.paydar.mohtasham.ezibazi"
        }
      },
      "oauth_client": [
        {
          "client_id": "517794650112-eekeb1ql5duqh0cv0h7ges7dmpo58b9m.apps.googleusercontent.com",
          "client_type": 1,
          "android_info": {
            "package_name": "sabalan.paydar.mohtasham.ezibazi",
            "certificate_hash": "5ad4df2d26d0cf5ee7a9fe4e5daef437eae4ae2c"
          }
        },
        {
          "client_id": "517794650112-2an8v2pek311kkk2fh33i0k7j4jk616o.apps.googleusercontent.com",
          "client_type": 3
        }
      ],
      "api_key": [
        {
          "current_key": "AIzaSyAqZb5guZq1aR1gVfwEwMNtgdQnCDZyXZc"
        }
      ],
      "services": {
        "analytics_service": {
          "status": 1
        },
        "appinvite_service": {
          "status": 2,
          "other_platform_oauth_client": [
            {
              "client_id": "517794650112-2an8v2pek311kkk2fh33i0k7j4jk616o.apps.googleusercontent.com",
              "client_type": 3
            }
          ]
        },
        "ads_service": {
          "status": 2
        }
      }
    }
  ],
  "configuration_version": "1"
}